{
    "AUTHOR" : "Khandakar Amir Hossain",
    "CONTACT": "amirkhondokar@gmail.com",
    "PURPOSE": "Complex indicator configurataion for Word Association Test Software",
    "CATEGORY": {
        "1": {
            "NAME": "Reaction Time",
            "TYPES": {
                "PRT": "Prolonged reaction times",
                "F": "Failures"
            }
        },
        "2": {
            "NAME": "Meaning",
            "TYPES": {
                "MS": "Not understanding SW",
                "RSW": "Repetition of stimulus word"
            }
        },
        "3": {
            "NAME": "Physical Reactions",
            "TYPES": {
                "B": "Bodily Movements"
            }
        },
        "4": {
            "NAME": "Speech",
            "TYPES": {
                "MW": "Multiple Word Responses",
                "SO": "Sound reactions",
                "RE": "Invalid reproductions"
            }
        },
        "5": {
            "NAME": "Patterns",
            "TYPES": {
                "P": "Perseveration",
                "S": "Stereotypes"
            }
        }
    }
}