{
    "0": "Play",
    "1": "Mouth",
    "2": "Free",
    "3": "Car",
    "4": "Make",
    "5": "Friendly",
    "6": "Stupid",
    "7": "Together",
    "8": "Go",
    "9": "Habit",
    "10": "New",
    "11": "Tree",
    "12": "Kiss",
    "13": "Finger",
    "14": "Sad",
    "15": "Knife",
    "16": "Dance",
    "17": "Choice",
    "18": "Naked",
    "19": "Plain",
    "20": "Learn",
    "21": "Pity",
    "22": "Weak",
    "23": "Boss",
    "24": "Wait",
    "25": "Family",
    "26": "Sick",
    "27": "Cat",
    "28": "Pray",
    "29": "Wages",
    "30": "Old",
    "31": "Fight",
    "32": "Glass",
    "33": "Marry",
    "34": "Guilt",
    "35": "Work",
    "36": "Proud",
    "37": "Fear",
    "38": "Red",
    "39": "Water",
    "40": "Hurt",
    "41": "Flower",
    "42": "Evil",
    "43": "Party",
    "44": "Fly",
    "45": "Death",
    "46": "Clean",
    "47": "try",
    "48": "Sin",
    "49": "Home",
    "50": "Space",
    "51": "Trust",
    "52": "Rule",
    "53": "Chaos",
    "54": "Concrete",
    "55": "Safe",
    "56": "Sense",
    "57": "Box",
    "58": "Magic",
    "59": "Intuition",
    "60": "If",
    "61": "Narrow",
    "62": "Base",
    "63": "Create",
    "64": "Curious",
    "65": "Reflection",
    "66": "Compulsion",
    "67": "Stranger",
    "68": "Task",
    "69": "Bring",
    "70": "Boredom",
    "71": "Destroy",
    "72": "Step",
    "73": "Lost",
    "74": "Judge",
    "75": "Uncertain",
    "76": "Follow",
    "77": "Opportunity",
    "78": "Instructions",
    "79": "Freedom",
    "80": "Crowd",
    "81": "Edge",
    "82": "Challenge",
    "83": "Aspiration",
    "84": "Question",
    "85": "Transform",
    "86": "Debate",
    "87": "Dream",
    "88": "Vision",
    "89": "Fence",
    "90": "Control",
    "91": "Possibility",
    "92": "Transcend",
    "93": "Future",
    "94": "Identity",
    "95": "Order",
    "96": "Abstract",
    "97": "Unknown",
    "98": "Solution",
    "99": "Void",
    "100": "Try",
    "101": "Open",
    "102": "White",
    "103": "Speak",
    "104": "Role",
    "105": "Plum",
    "106": "Answer",
    "107": "Nasty",
    "108": "Wool",
    "109": "Big",
    "110": "Carrot",
    "111": "Give",
    "112": "Doctor",
    "113": "Frasty",
    "114": "Bet",
    "115": "Cow",
    "116": "Name",
    "117": "Luck",
    "118": "Say",
    "119": "Table",
    "120": "Naughty",
    "121": "Brother",
    "122": "Afraid",
    "123": "Love",
    "124": "Chair",
    "125": "Worry",
    "126": "Bride",
    "127": "Bag",
    "128": "Bed",
    "129": "Pleased",
    "130": "Happy",
    "131": "Shut",
    "132": "Wound",
    "133": "Door",
    "134": "Insult",
    "135": "",
    "136": "",
    "137": "",
    "138": "",
    "139": "",
    "140": "",
    "141": "",
    "142": "",
    "143": "",
    "144": "",
    "145": "",
    "146": "",
    "147": "",
    "148": "",
    "149": "",
    "150": "",
    "151": "",
    "152": "",
    "153": "",
    "154": "",
    "155": "",
    "156": "",
    "157": "",
    "158": "",
    "159": "",
    "160": "",
    "161": "",
    "162": "",
    "163": "",
    "164": "",
    "165": "",
    "166": "",
    "167": "",
    "168": "",
    "169": "",
    "170": "",
    "171": "",
    "172": "",
    "173": "",
    "174": "",
    "175": "",
    "176": "",
    "177": "",
    "178": "",
    "179": "",
    "180": "",
    "181": "",
    "182": "",
    "183": "",
    "184": "",
    "185": "",
    "186": "",
    "187": "",
    "188": "",
    "189": "",
    "190": "",
    "191": "",
    "192": "",
    "193": "",
    "194": "",
    "195": "",
    "196": "",
    "197": "",
    "198": "",
    "199": ""
}