{
    "INTERVIEW_COMPLETED": 0,
    "NAME_OF_RESPONDER": "amir rango",
    "COMPANY_NAME": "NybSys Private Limited",
    "INTERVIEWED_BY": "rango",
    "NUMBER_OF_WORDS_IN_TEST": 50,
    "DATE_OF_INTERVIEW": "2021-04-01",
    "TIME_OF_INTERVIEW": "",
    "TIME_STAMP": 1617347928.840767,
    "INTERVIEW_WORDS_JSON_FILE": "wordsList.json",
    "INTERVIEW_WORDS_JSON_FILE_LOCATION": "config",
    "CURRENT_ROUND": 1,
    "ROUND1_RESPONSES": {
        "COMPLETED": 0,
        "CURRENT_TEST_SERIAL": 1,
        "MEDIAN_PRT": 0,
        "EXAMPLE_WORD": {
            "SERIAL_NO": 1,
            "RESPONSE_WORD": "Example_Response",
            "COMPLEX_INDICATORS": {},
            "TIME_TAKEN": "0.00"
        }
    },
    "ROUND2_RESPONSES": {
        "COMPLETED": 0,
        "CURRENT_TEST_SERIAL": 1,
        "MEDIAN_PRT": 0,
        "EXAMPLE_WORD": {
            "SERIAL_NO": 1,
            "RESPONSE_WORD": "Example_Response",
            "COMPLEX_INDICATORS": {},
            "TIME_TAKEN": "0.00"
        }
    }
}