{
    "1": "Play",
    "2": "Mouth",
    "3": "Free",
    "4": "Car",
    "5": "Make",
    "6": "Friendly",
    "7": "Stupid",
    "8": "Together",
    "9": "Go",
    "10": "Habit",
    "11": "New",
    "12": "Tree",
    "13": "Kiss",
    "14": "Finger",
    "15": "Sad",
    "16": "Knife",
    "17": "Dance",
    "18": "Choice",
    "19": "Naked",
    "20": "Plain",
    "21": "Learn",
    "22": "Pity",
    "23": "Weak",
    "24": "Boss",
    "25": "Wait",
    "26": "Family",
    "27": "Sick",
    "28": "Cat",
    "29": "Pray",
    "30": "Wages",
    "31": "Old",
    "32": "Fight",
    "33": "Glass",
    "34": "Marry",
    "35": "Guilt",
    "36": "Work",
    "37": "Proud",
    "38": "Fear",
    "39": "Red",
    "40": "Water",
    "41": "Hurt",
    "42": "Flower",
    "43": "Evil",
    "44": "Party",
    "45": "Fly",
    "46": "Death",
    "47": "Clean",
    "48": "try",
    "49": "Sin",
    "50": "Home",
    "51": "Space",
    "52": "Trust",
    "53": "Rule",
    "54": "Chaos",
    "55": "Concrete",
    "56": "Safe",
    "57": "Sense",
    "58": "Box",
    "59": "Magic",
    "60": "Intuition",
    "61": "If",
    "62": "Narrow",
    "63": "Base",
    "64": "Create",
    "65": "Curious",
    "66": "Reflection",
    "67": "Compulsion",
    "68": "Stranger",
    "69": "Task",
    "70": "Bring",
    "71": "Boredom",
    "72": "Destroy",
    "73": "Step",
    "74": "Lost",
    "75": "Judge",
    "76": "Uncertain",
    "77": "Follow",
    "78": "Opportunity",
    "79": "Instructions",
    "80": "Freedom",
    "81": "Crowd",
    "82": "Edge",
    "83": "Challenge",
    "84": "Aspiration",
    "85": "Question",
    "86": "Transform",
    "87": "Debate",
    "88": "Dream",
    "89": "Vision",
    "90": "Fence",
    "91": "Control",
    "92": "Possibility",
    "93": "Transcend",
    "94": "Future",
    "95": "Identity",
    "96": "Order",
    "97": "Abstract",
    "98": "Unknown",
    "99": "Solution",
    "100": "Void",
    "101": "Try",
    "102": "Open",
    "103": "White",
    "104": "Speak",
    "105": "Role",
    "106": "Plum",
    "107": "Answer",
    "108": "Nasty",
    "109": "Wool",
    "110": "Big",
    "111": "Carrot",
    "112": "Give",
    "113": "Doctor",
    "114": "Frasty",
    "115": "Bet",
    "116": "Cow",
    "117": "Name",
    "118": "Luck",
    "119": "Say",
    "120": "Table",
    "121": "Naughty",
    "122": "Brother",
    "123": "Afraid",
    "124": "Love",
    "125": "Chair",
    "126": "Worry",
    "127": "Bride",
    "128": "Bag",
    "129": "Bed",
    "130": "Pleased",
    "131": "Happy",
    "132": "Shut",
    "133": "Wound",
    "134": "Door",
    "135": "Insult"
}